
/*    privilege code             */
insert into Privilege values(110	,	'Homepage---Dashboard & Widget View')
insert into Privilege values(111	,	'Homepage---Map')
insert into Privilege values(120	,	'Notification---Alarm View')
insert into Privilege values(130	,	'Customization---Profile')
insert into Privilege values(131	,	'Customization---Dashboard Mgmt')
insert into Privilege values(132	,	'Customization---Widget Mgmt')
insert into Privilege values(133	,	'Customization---Export')
insert into Privilege values(140	,	'Energy Usage')
insert into Privilege values(150	,	'Energy Performance---KPI')
insert into Privilege values(151	,	'Energy Performance---Ranking')
insert into Privilege values(160	,	'Energy Emission')	
insert into Privilege values(170	,	'Cost')	
insert into Privilege values(180	,	'Saving')	
insert into Privilege values(190	,	'Diagnostics')	
insert into Privilege values(200	,	'Energy Data Management---Import')
insert into Privilege values(201	,	'Energy Data Management---Amendment')
insert into Privilege values(202	,	'Energy Data Management---Correction')
insert into Privilege values(210	,	'Customer Configuration---Hierarchy')
insert into Privilege values(211	,	'Customer Configuration---System')
insert into Privilege values(212	,	'Customer Configuration---Area')
insert into Privilege values(213	,	'Customer Configuration---Tag')
insert into Privilege values(214	,	'Customer Configuration---kpi')
insert into Privilege values(215	,	'Customer Configuration---Alarm')
insert into Privilege values(216	,	'Customer Configuration---Map')
insert into Privilege values(217	,	'Customer Configuration---Calendar')
insert into Privilege values(218	,	'Customer Configuration---CustomerInfo')
insert into Privilege values(219	,	'Customer Configuration---Alarm Mgmt')
insert into Privilege values(230	,	'Plat Conf---Calendar')
insert into Privilege values(231	,	'Plat Conf---System')
insert into Privilege values(232	,	'Plat Conf---Emission Factor')
insert into Privilege values(233	,	'Plat Conf---Cost')
insert into Privilege values(234	,	'Plat Conf---Customer')
insert into Privilege values(235	,	'Plat Conf---User & right')
insert into Privilege values(236	,	'Plat Conf---Operation Status')
GO


/* privilege limit */
insert into UserTypePrivilegeLimit values(1, 	110	)
insert into UserTypePrivilegeLimit values(1, 	111	)
insert into UserTypePrivilegeLimit values(1, 	120	)
insert into UserTypePrivilegeLimit values(1, 	130	)
insert into UserTypePrivilegeLimit values(1, 	131	)
insert into UserTypePrivilegeLimit values(1, 	132	)
insert into UserTypePrivilegeLimit values(1, 	133	)
insert into UserTypePrivilegeLimit values(1, 	140	)
insert into UserTypePrivilegeLimit values(1, 	150	)
insert into UserTypePrivilegeLimit values(1, 	151	)
insert into UserTypePrivilegeLimit values(1, 	160	)
insert into UserTypePrivilegeLimit values(1, 	170	)
insert into UserTypePrivilegeLimit values(1, 	180	)
insert into UserTypePrivilegeLimit values(1, 	190	)
insert into UserTypePrivilegeLimit values(1, 	200	)
insert into UserTypePrivilegeLimit values(1, 	201	)
insert into UserTypePrivilegeLimit values(1, 	202	)
insert into UserTypePrivilegeLimit values(1, 	210	)
insert into UserTypePrivilegeLimit values(1, 	211	)
insert into UserTypePrivilegeLimit values(1, 	212	)
insert into UserTypePrivilegeLimit values(1, 	213	)
insert into UserTypePrivilegeLimit values(1, 	214	)
insert into UserTypePrivilegeLimit values(1, 	215	)
insert into UserTypePrivilegeLimit values(1, 	216	)
insert into UserTypePrivilegeLimit values(1, 	217	)
insert into UserTypePrivilegeLimit values(1, 	218	)
insert into UserTypePrivilegeLimit values(1, 	219	)
insert into UserTypePrivilegeLimit values(1, 	230	)
insert into UserTypePrivilegeLimit values(1, 	231	)
insert into UserTypePrivilegeLimit values(1, 	232	)
insert into UserTypePrivilegeLimit values(1, 	233	)
insert into UserTypePrivilegeLimit values(1, 	234	)
insert into UserTypePrivilegeLimit values(1, 	235	)
insert into UserTypePrivilegeLimit values(1, 	236	)
insert into UserTypePrivilegeLimit values(2, 	110	)
insert into UserTypePrivilegeLimit values(2, 	111	)
insert into UserTypePrivilegeLimit values(2, 	120	)
insert into UserTypePrivilegeLimit values(2, 	130	)
insert into UserTypePrivilegeLimit values(2, 	131	)
insert into UserTypePrivilegeLimit values(2, 	132	)
insert into UserTypePrivilegeLimit values(2, 	133	)
insert into UserTypePrivilegeLimit values(2, 	140	)
insert into UserTypePrivilegeLimit values(2, 	150	)
insert into UserTypePrivilegeLimit values(2, 	151	)
insert into UserTypePrivilegeLimit values(2, 	160	)
insert into UserTypePrivilegeLimit values(2, 	170	)
insert into UserTypePrivilegeLimit values(2, 	210	)
insert into UserTypePrivilegeLimit values(2, 	211	)
insert into UserTypePrivilegeLimit values(2, 	212	)
insert into UserTypePrivilegeLimit values(2, 	213	)
insert into UserTypePrivilegeLimit values(2, 	214	)
insert into UserTypePrivilegeLimit values(2, 	215	)
insert into UserTypePrivilegeLimit values(2, 	216	)
insert into UserTypePrivilegeLimit values(2, 	217	)
insert into UserTypePrivilegeLimit values(2, 	218	)
insert into UserTypePrivilegeLimit values(3, 	110	)
insert into UserTypePrivilegeLimit values(3, 	111	)
insert into UserTypePrivilegeLimit values(3, 	120	)
insert into UserTypePrivilegeLimit values(3, 	130	)
insert into UserTypePrivilegeLimit values(3, 	131	)
insert into UserTypePrivilegeLimit values(3, 	132	)
insert into UserTypePrivilegeLimit values(3, 	133	)
insert into UserTypePrivilegeLimit values(3, 	140	)
insert into UserTypePrivilegeLimit values(3, 	150	)
insert into UserTypePrivilegeLimit values(3, 	151	)
insert into UserTypePrivilegeLimit values(3, 	160	)
insert into UserTypePrivilegeLimit values(3, 	170	)
insert into UserTypePrivilegeLimit values(3, 	180	)
insert into UserTypePrivilegeLimit values(3, 	190	)
insert into UserTypePrivilegeLimit values(3, 	213	)
insert into UserTypePrivilegeLimit values(3, 	214	)
insert into UserTypePrivilegeLimit values(3, 	215	)
insert into UserTypePrivilegeLimit values(4, 	110	)
insert into UserTypePrivilegeLimit values(4, 	111	)
insert into UserTypePrivilegeLimit values(4, 	120	)
insert into UserTypePrivilegeLimit values(4, 	130	)
insert into UserTypePrivilegeLimit values(4, 	131	)
insert into UserTypePrivilegeLimit values(4, 	132	)
insert into UserTypePrivilegeLimit values(4, 	133	)
insert into UserTypePrivilegeLimit values(4, 	140	)
insert into UserTypePrivilegeLimit values(4, 	150	)
insert into UserTypePrivilegeLimit values(4, 	151	)
insert into UserTypePrivilegeLimit values(4, 	160	)
insert into UserTypePrivilegeLimit values(4, 	170	)
insert into UserTypePrivilegeLimit values(5, 	110	)
insert into UserTypePrivilegeLimit values(5, 	111	)
insert into UserTypePrivilegeLimit values(5, 	120	)
insert into UserTypePrivilegeLimit values(5, 	130	)
insert into UserTypePrivilegeLimit values(5, 	131	)
insert into UserTypePrivilegeLimit values(5, 	132	)
insert into UserTypePrivilegeLimit values(5, 	133	)
insert into UserTypePrivilegeLimit values(5, 	140	)
insert into UserTypePrivilegeLimit values(5, 	150	)
insert into UserTypePrivilegeLimit values(5, 	151	)
insert into UserTypePrivilegeLimit values(5, 	160	)
insert into UserTypePrivilegeLimit values(5, 	170	)
GO

/* user type privilege  */
/****** Script for SelectTopNRows command from SSMS  ******/
insert into UserTypePrivilege(UserTypeId,PrivilegeCode,UpdateUser,UpdateTime) values(1, 	110	,'demo','2012-01-01 00:00:00.000')
insert into UserTypePrivilege(UserTypeId,PrivilegeCode,UpdateUser,UpdateTime) values(1, 	111	,'demo','2012-01-01 00:00:00.000')
insert into UserTypePrivilege(UserTypeId,PrivilegeCode,UpdateUser,UpdateTime) values(1, 	120	,'demo','2012-01-01 00:00:00.000')
insert into UserTypePrivilege(UserTypeId,PrivilegeCode,UpdateUser,UpdateTime) values(1, 	130	,'demo','2012-01-01 00:00:00.000')
insert into UserTypePrivilege(UserTypeId,PrivilegeCode,UpdateUser,UpdateTime) values(1, 	131	,'demo','2012-01-01 00:00:00.000')
insert into UserTypePrivilege(UserTypeId,PrivilegeCode,UpdateUser,UpdateTime) values(1, 	132	,'demo','2012-01-01 00:00:00.000')
insert into UserTypePrivilege(UserTypeId,PrivilegeCode,UpdateUser,UpdateTime) values(1, 	133	,'demo','2012-01-01 00:00:00.000')
insert into UserTypePrivilege(UserTypeId,PrivilegeCode,UpdateUser,UpdateTime) values(1, 	140	,'demo','2012-01-01 00:00:00.000')
insert into UserTypePrivilege(UserTypeId,PrivilegeCode,UpdateUser,UpdateTime) values(1, 	150	,'demo','2012-01-01 00:00:00.000')
insert into UserTypePrivilege(UserTypeId,PrivilegeCode,UpdateUser,UpdateTime) values(1, 	151	,'demo','2012-01-01 00:00:00.000')
insert into UserTypePrivilege(UserTypeId,PrivilegeCode,UpdateUser,UpdateTime) values(1, 	160	,'demo','2012-01-01 00:00:00.000')
insert into UserTypePrivilege(UserTypeId,PrivilegeCode,UpdateUser,UpdateTime) values(1, 	170	,'demo','2012-01-01 00:00:00.000')
insert into UserTypePrivilege(UserTypeId,PrivilegeCode,UpdateUser,UpdateTime) values(1, 	180	,'demo','2012-01-01 00:00:00.000')
insert into UserTypePrivilege(UserTypeId,PrivilegeCode,UpdateUser,UpdateTime) values(1, 	190	,'demo','2012-01-01 00:00:00.000')
insert into UserTypePrivilege(UserTypeId,PrivilegeCode,UpdateUser,UpdateTime) values(1, 	200	,'demo','2012-01-01 00:00:00.000')
insert into UserTypePrivilege(UserTypeId,PrivilegeCode,UpdateUser,UpdateTime) values(1, 	201	,'demo','2012-01-01 00:00:00.000')
insert into UserTypePrivilege(UserTypeId,PrivilegeCode,UpdateUser,UpdateTime) values(1, 	202	,'demo','2012-01-01 00:00:00.000')
insert into UserTypePrivilege(UserTypeId,PrivilegeCode,UpdateUser,UpdateTime) values(1, 	210	,'demo','2012-01-01 00:00:00.000')
insert into UserTypePrivilege(UserTypeId,PrivilegeCode,UpdateUser,UpdateTime) values(1, 	211	,'demo','2012-01-01 00:00:00.000')
insert into UserTypePrivilege(UserTypeId,PrivilegeCode,UpdateUser,UpdateTime) values(1, 	212	,'demo','2012-01-01 00:00:00.000')
insert into UserTypePrivilege(UserTypeId,PrivilegeCode,UpdateUser,UpdateTime) values(1, 	213	,'demo','2012-01-01 00:00:00.000')
insert into UserTypePrivilege(UserTypeId,PrivilegeCode,UpdateUser,UpdateTime) values(1, 	214	,'demo','2012-01-01 00:00:00.000')
insert into UserTypePrivilege(UserTypeId,PrivilegeCode,UpdateUser,UpdateTime) values(1, 	215	,'demo','2012-01-01 00:00:00.000')
insert into UserTypePrivilege(UserTypeId,PrivilegeCode,UpdateUser,UpdateTime) values(1, 	216	,'demo','2012-01-01 00:00:00.000')
insert into UserTypePrivilege(UserTypeId,PrivilegeCode,UpdateUser,UpdateTime) values(1, 	217	,'demo','2012-01-01 00:00:00.000')
insert into UserTypePrivilege(UserTypeId,PrivilegeCode,UpdateUser,UpdateTime) values(1, 	218	,'demo','2012-01-01 00:00:00.000')
insert into UserTypePrivilege(UserTypeId,PrivilegeCode,UpdateUser,UpdateTime) values(1, 	219	,'demo','2012-01-01 00:00:00.000')
insert into UserTypePrivilege(UserTypeId,PrivilegeCode,UpdateUser,UpdateTime) values(1, 	230	,'demo','2012-01-01 00:00:00.000')
insert into UserTypePrivilege(UserTypeId,PrivilegeCode,UpdateUser,UpdateTime) values(1, 	231	,'demo','2012-01-01 00:00:00.000')
insert into UserTypePrivilege(UserTypeId,PrivilegeCode,UpdateUser,UpdateTime) values(1, 	232	,'demo','2012-01-01 00:00:00.000')
insert into UserTypePrivilege(UserTypeId,PrivilegeCode,UpdateUser,UpdateTime) values(1, 	233	,'demo','2012-01-01 00:00:00.000')
insert into UserTypePrivilege(UserTypeId,PrivilegeCode,UpdateUser,UpdateTime) values(1, 	234	,'demo','2012-01-01 00:00:00.000')
insert into UserTypePrivilege(UserTypeId,PrivilegeCode,UpdateUser,UpdateTime) values(1, 	235	,'demo','2012-01-01 00:00:00.000')
insert into UserTypePrivilege(UserTypeId,PrivilegeCode,UpdateUser,UpdateTime) values(1, 	236	,'demo','2012-01-01 00:00:00.000')
insert into UserTypePrivilege(UserTypeId,PrivilegeCode,UpdateUser,UpdateTime) values(2, 	110	,'demo','2012-01-01 00:00:00.000')
insert into UserTypePrivilege(UserTypeId,PrivilegeCode,UpdateUser,UpdateTime) values(2, 	111	,'demo','2012-01-01 00:00:00.000')
insert into UserTypePrivilege(UserTypeId,PrivilegeCode,UpdateUser,UpdateTime) values(2, 	120	,'demo','2012-01-01 00:00:00.000')
insert into UserTypePrivilege(UserTypeId,PrivilegeCode,UpdateUser,UpdateTime) values(2, 	130	,'demo','2012-01-01 00:00:00.000')
insert into UserTypePrivilege(UserTypeId,PrivilegeCode,UpdateUser,UpdateTime) values(2, 	131	,'demo','2012-01-01 00:00:00.000')
insert into UserTypePrivilege(UserTypeId,PrivilegeCode,UpdateUser,UpdateTime) values(2, 	132	,'demo','2012-01-01 00:00:00.000')
insert into UserTypePrivilege(UserTypeId,PrivilegeCode,UpdateUser,UpdateTime) values(2, 	133	,'demo','2012-01-01 00:00:00.000')
insert into UserTypePrivilege(UserTypeId,PrivilegeCode,UpdateUser,UpdateTime) values(2, 	140	,'demo','2012-01-01 00:00:00.000')
insert into UserTypePrivilege(UserTypeId,PrivilegeCode,UpdateUser,UpdateTime) values(2, 	150	,'demo','2012-01-01 00:00:00.000')
insert into UserTypePrivilege(UserTypeId,PrivilegeCode,UpdateUser,UpdateTime) values(2, 	151	,'demo','2012-01-01 00:00:00.000')
insert into UserTypePrivilege(UserTypeId,PrivilegeCode,UpdateUser,UpdateTime) values(2, 	160	,'demo','2012-01-01 00:00:00.000')
insert into UserTypePrivilege(UserTypeId,PrivilegeCode,UpdateUser,UpdateTime) values(2, 	170	,'demo','2012-01-01 00:00:00.000')
insert into UserTypePrivilege(UserTypeId,PrivilegeCode,UpdateUser,UpdateTime) values(2, 	210	,'demo','2012-01-01 00:00:00.000')
insert into UserTypePrivilege(UserTypeId,PrivilegeCode,UpdateUser,UpdateTime) values(2, 	211	,'demo','2012-01-01 00:00:00.000')
insert into UserTypePrivilege(UserTypeId,PrivilegeCode,UpdateUser,UpdateTime) values(2, 	212	,'demo','2012-01-01 00:00:00.000')
insert into UserTypePrivilege(UserTypeId,PrivilegeCode,UpdateUser,UpdateTime) values(2, 	213	,'demo','2012-01-01 00:00:00.000')
insert into UserTypePrivilege(UserTypeId,PrivilegeCode,UpdateUser,UpdateTime) values(2, 	214	,'demo','2012-01-01 00:00:00.000')
insert into UserTypePrivilege(UserTypeId,PrivilegeCode,UpdateUser,UpdateTime) values(2, 	215	,'demo','2012-01-01 00:00:00.000')
insert into UserTypePrivilege(UserTypeId,PrivilegeCode,UpdateUser,UpdateTime) values(2, 	216	,'demo','2012-01-01 00:00:00.000')
insert into UserTypePrivilege(UserTypeId,PrivilegeCode,UpdateUser,UpdateTime) values(2, 	217	,'demo','2012-01-01 00:00:00.000')
insert into UserTypePrivilege(UserTypeId,PrivilegeCode,UpdateUser,UpdateTime) values(2, 	218	,'demo','2012-01-01 00:00:00.000')
insert into UserTypePrivilege(UserTypeId,PrivilegeCode,UpdateUser,UpdateTime) values(3, 	110	,'demo','2012-01-01 00:00:00.000')
insert into UserTypePrivilege(UserTypeId,PrivilegeCode,UpdateUser,UpdateTime) values(3, 	111	,'demo','2012-01-01 00:00:00.000')
insert into UserTypePrivilege(UserTypeId,PrivilegeCode,UpdateUser,UpdateTime) values(3, 	120	,'demo','2012-01-01 00:00:00.000')
insert into UserTypePrivilege(UserTypeId,PrivilegeCode,UpdateUser,UpdateTime) values(3, 	130	,'demo','2012-01-01 00:00:00.000')
insert into UserTypePrivilege(UserTypeId,PrivilegeCode,UpdateUser,UpdateTime) values(3, 	131	,'demo','2012-01-01 00:00:00.000')
insert into UserTypePrivilege(UserTypeId,PrivilegeCode,UpdateUser,UpdateTime) values(3, 	132	,'demo','2012-01-01 00:00:00.000')
insert into UserTypePrivilege(UserTypeId,PrivilegeCode,UpdateUser,UpdateTime) values(3, 	133	,'demo','2012-01-01 00:00:00.000')
insert into UserTypePrivilege(UserTypeId,PrivilegeCode,UpdateUser,UpdateTime) values(3, 	140	,'demo','2012-01-01 00:00:00.000')
insert into UserTypePrivilege(UserTypeId,PrivilegeCode,UpdateUser,UpdateTime) values(3, 	150	,'demo','2012-01-01 00:00:00.000')
insert into UserTypePrivilege(UserTypeId,PrivilegeCode,UpdateUser,UpdateTime) values(3, 	151	,'demo','2012-01-01 00:00:00.000')
insert into UserTypePrivilege(UserTypeId,PrivilegeCode,UpdateUser,UpdateTime) values(3, 	160	,'demo','2012-01-01 00:00:00.000')
insert into UserTypePrivilege(UserTypeId,PrivilegeCode,UpdateUser,UpdateTime) values(3, 	170	,'demo','2012-01-01 00:00:00.000')
insert into UserTypePrivilege(UserTypeId,PrivilegeCode,UpdateUser,UpdateTime) values(3, 	180	,'demo','2012-01-01 00:00:00.000')
insert into UserTypePrivilege(UserTypeId,PrivilegeCode,UpdateUser,UpdateTime) values(3, 	190	,'demo','2012-01-01 00:00:00.000')
insert into UserTypePrivilege(UserTypeId,PrivilegeCode,UpdateUser,UpdateTime) values(3, 	213	,'demo','2012-01-01 00:00:00.000')
insert into UserTypePrivilege(UserTypeId,PrivilegeCode,UpdateUser,UpdateTime) values(3, 	214	,'demo','2012-01-01 00:00:00.000')
insert into UserTypePrivilege(UserTypeId,PrivilegeCode,UpdateUser,UpdateTime) values(3, 	215	,'demo','2012-01-01 00:00:00.000')
insert into UserTypePrivilege(UserTypeId,PrivilegeCode,UpdateUser,UpdateTime) values(4, 	110	,'demo','2012-01-01 00:00:00.000')
insert into UserTypePrivilege(UserTypeId,PrivilegeCode,UpdateUser,UpdateTime) values(4, 	111	,'demo','2012-01-01 00:00:00.000')
insert into UserTypePrivilege(UserTypeId,PrivilegeCode,UpdateUser,UpdateTime) values(4, 	120	,'demo','2012-01-01 00:00:00.000')
insert into UserTypePrivilege(UserTypeId,PrivilegeCode,UpdateUser,UpdateTime) values(4, 	130	,'demo','2012-01-01 00:00:00.000')
insert into UserTypePrivilege(UserTypeId,PrivilegeCode,UpdateUser,UpdateTime) values(4, 	131	,'demo','2012-01-01 00:00:00.000')
insert into UserTypePrivilege(UserTypeId,PrivilegeCode,UpdateUser,UpdateTime) values(4, 	132	,'demo','2012-01-01 00:00:00.000')
insert into UserTypePrivilege(UserTypeId,PrivilegeCode,UpdateUser,UpdateTime) values(4, 	133	,'demo','2012-01-01 00:00:00.000')
insert into UserTypePrivilege(UserTypeId,PrivilegeCode,UpdateUser,UpdateTime) values(4, 	140	,'demo','2012-01-01 00:00:00.000')
insert into UserTypePrivilege(UserTypeId,PrivilegeCode,UpdateUser,UpdateTime) values(4, 	150	,'demo','2012-01-01 00:00:00.000')
insert into UserTypePrivilege(UserTypeId,PrivilegeCode,UpdateUser,UpdateTime) values(4, 	151	,'demo','2012-01-01 00:00:00.000')
insert into UserTypePrivilege(UserTypeId,PrivilegeCode,UpdateUser,UpdateTime) values(4, 	160	,'demo','2012-01-01 00:00:00.000')
insert into UserTypePrivilege(UserTypeId,PrivilegeCode,UpdateUser,UpdateTime) values(4, 	170	,'demo','2012-01-01 00:00:00.000')
insert into UserTypePrivilege(UserTypeId,PrivilegeCode,UpdateUser,UpdateTime) values(5, 	110	,'demo','2012-01-01 00:00:00.000')
insert into UserTypePrivilege(UserTypeId,PrivilegeCode,UpdateUser,UpdateTime) values(5, 	111	,'demo','2012-01-01 00:00:00.000')
insert into UserTypePrivilege(UserTypeId,PrivilegeCode,UpdateUser,UpdateTime) values(5, 	120	,'demo','2012-01-01 00:00:00.000')
insert into UserTypePrivilege(UserTypeId,PrivilegeCode,UpdateUser,UpdateTime) values(5, 	130	,'demo','2012-01-01 00:00:00.000')
insert into UserTypePrivilege(UserTypeId,PrivilegeCode,UpdateUser,UpdateTime) values(5, 	131	,'demo','2012-01-01 00:00:00.000')
insert into UserTypePrivilege(UserTypeId,PrivilegeCode,UpdateUser,UpdateTime) values(5, 	132	,'demo','2012-01-01 00:00:00.000')
insert into UserTypePrivilege(UserTypeId,PrivilegeCode,UpdateUser,UpdateTime) values(5, 	133	,'demo','2012-01-01 00:00:00.000')
insert into UserTypePrivilege(UserTypeId,PrivilegeCode,UpdateUser,UpdateTime) values(5, 	140	,'demo','2012-01-01 00:00:00.000')
insert into UserTypePrivilege(UserTypeId,PrivilegeCode,UpdateUser,UpdateTime) values(5, 	150	,'demo','2012-01-01 00:00:00.000')
insert into UserTypePrivilege(UserTypeId,PrivilegeCode,UpdateUser,UpdateTime) values(5, 	151	,'demo','2012-01-01 00:00:00.000')
insert into UserTypePrivilege(UserTypeId,PrivilegeCode,UpdateUser,UpdateTime) values(5, 	160	,'demo','2012-01-01 00:00:00.000')
insert into UserTypePrivilege(UserTypeId,PrivilegeCode,UpdateUser,UpdateTime) values(5, 	170	,'demo','2012-01-01 00:00:00.000')
GO